"time","label","experiment","expected_args","outcome","notes"
"2026-10-07T08:32:59","A-20261007-083258","A","-v debug=0x100 keepsyms=1 lilucpu=12 -igfxdvmt -igfxcdc","applied",""
"2026-10-07T08:53:40","A-20261007-083258","A","-v debug=0x100 keepsyms=1 lilucpu=12 -igfxdvmt -igfxcdc","blackscreen","capture=mac-A-20261007-083258-collect-20261007-085311 panics=0 source=knowngood"
"2026-10-07T12:26:34","B-20261007-122634","B","-v debug=0x100 keepsyms=1 lilucpu=12 -igfxdvmt -igfxcdc -igfxtglmap","applied",""
"2026-10-07T12:46:14","B-20261007-122634","B","-v debug=0x100 keepsyms=1 lilucpu=12 -igfxdvmt -igfxcdc -igfxtglmap","reset","capture=mac-B-20261007-122634-collect-20261007-124552 panics=0 source=knowngood"
"2026-10-07T13:13:07","C-20261007-131307","C","-v debug=0x100 keepsyms=1 lilucpu=12 -igfxdvmt -igfxcdc igfxtglmap=0x3E","applied",""
"2026-10-07T13:21:42","C-20261007-131307","C","-v debug=0x100 keepsyms=1 lilucpu=12 -igfxdvmt -igfxcdc igfxtglmap=0x3E","blackscreen","capture=mac-C-20261007-131307-collect-20261007-132121 panics=0 source=knowngood"
"2026-10-07T13:28:02","D-20261007-132802","D","-v debug=0x100 keepsyms=1 lilucpu=12 -igfxdvmt -igfxcdc igfxtglmap=0x43F","applied",""
"2026-10-07T13:40:00","D-20261007-132802","D","-v debug=0x100 keepsyms=1 lilucpu=12 -igfxdvmt -igfxcdc igfxtglmap=0x43F","hang","user: stuck at black screen, hard power off, reverted in Windows; no log lines persisted (tracev3 0 bytes); recorded by hand"
"2026-10-07T13:44:38","E-20261007-134438","E","-v debug=0x100 keepsyms=1 lilucpu=12 -igfxdvmt -igfxcdc igfxtglmap=0xC3F","applied",""
"2026-10-07T13:54:58","E-20261007-134438","E","-v debug=0x100 keepsyms=1 lilucpu=12 -igfxdvmt -igfxcdc igfxtglmap=0xC3F","hang","user: stayed black; no log persisted in ~2 min (frozen); capture=mac-E-20261007-134438-collect-20261007-135434 panics=0 source=knowngood"
"2026-10-07T14:01:03","F-20261007-140103","F","-v debug=0x100 keepsyms=1 lilucpu=12 -igfxdvmt -igfxcdc igfxtglmap=0x3E","applied",""
"2026-10-07T14:10:49","F-20261007-140103","F","-v debug=0x100 keepsyms=1 lilucpu=12 -igfxdvmt -igfxcdc igfxtglmap=0x3E","blackscreen","capture=mac-F-20261007-140103-collect-20261007-141024 panics=0 source=knowngood"
"2026-10-07T14:12:40","F2-20261007-141240","F2","-v debug=0x100 keepsyms=1 lilucpu=12 -igfxdvmt -igfxcdc igfxtglmap=0x3E -igfxblr -igfxdbeo","applied",""
"2026-10-07T14:21:32","F2-20261007-141240","F2","-v debug=0x100 keepsyms=1 lilucpu=12 -igfxdvmt -igfxcdc igfxtglmap=0x3E -igfxblr -igfxdbeo","blackscreen","capture=mac-F2-20261007-141240-collect-20261007-142109 panics=0 source=knowngood"
"2026-10-07T14:24:38","F3-20261007-142438","F3","-v debug=0x100 keepsyms=1 lilucpu=12 -igfxdvmt -igfxcdc igfxtglmap=0x203E -igfxblr -igfxdbeo","applied",""
"2026-10-07T14:33:05","F3-20261007-142438","F3","-v debug=0x100 keepsyms=1 lilucpu=12 -igfxdvmt -igfxcdc igfxtglmap=0x203E -igfxblr -igfxdbeo","reset","capture=mac-F3-20261007-142438-collect-20261007-143237 panics=0 source=knowngood"
"2026-10-07T14:34:53","F4-20261007-143453","F4","-v debug=0x100 keepsyms=1 lilucpu=12 -igfxdvmt -igfxcdc igfxtglmap=0x203E -igfxblr -igfxdbeo","applied",""
"2026-10-07T14:41:51","F4-20261007-143453","F4","-v debug=0x100 keepsyms=1 lilucpu=12 -igfxdvmt -igfxcdc igfxtglmap=0x203E -igfxblr -igfxdbeo","reset","capture=mac-F4-20261007-143453-collect-20261007-144124 panics=0 source=knowngood"
"2026-10-07T14:43:40","F5-20261007-144340","F5","-v debug=0x100 keepsyms=1 lilucpu=12 -igfxdvmt -igfxcdc igfxtglmap=0x203E -igfxblr -igfxdbeo","applied",""
"2026-10-07T14:55:40","F5-20261007-144340","F5","-v debug=0x100 keepsyms=1 lilucpu=12 -igfxdvmt -igfxcdc igfxtglmap=0x203E -igfxblr -igfxdbeo","blackscreen","capture=mac-F5-20261007-144340-collect-20261007-145519 panics=0 source=knowngood"
"2026-10-07T14:57:27","K-20261007-145727","K","-v debug=0x100 keepsyms=1 lilucpu=12 -igfxdvmt -igfxcdc igfxtglmap=0x603E -igfxdbeo","applied",""
"2026-10-07T15:03:07","K-20261007-145727","K","-v debug=0x100 keepsyms=1 lilucpu=12 -igfxdvmt -igfxcdc igfxtglmap=0x603E -igfxdbeo","booted","capture=mac-K-20261007-145727-collect-20261007-150247 panics=0 source=experiment"
"2026-10-07T15:14:28","K-20261007-151428","K","-v debug=0x100 keepsyms=1 lilucpu=12 -igfxdvmt -igfxcdc igfxtglmap=0x603E -igfxdbeo","applied",""
"2026-10-07T15:41:52","M-20261007-154152","M","-v debug=0x100 keepsyms=1 lilucpu=12 -igfxdvmt -igfxcdc igfxtglmap=0xA83F -igfxdbeo","applied",""
"2026-10-07T15:45:40","M-20261007-154152","M","-v debug=0x100 keepsyms=1 lilucpu=12 -igfxdvmt -igfxcdc igfxtglmap=0xA83F -igfxdbeo","booted","capture=mac-M-20261007-154152-collect-20261007-154518 panics=0 source=experiment"
"2026-10-07T15:59:30","N-20261007-155929","N","-v debug=0x100 keepsyms=1 lilucpu=12 -igfxdvmt -igfxcdc igfxtglmap=0xA83F -igfxdbeo","applied",""
"2026-10-07T16:31:54","N-20261007-155929","N","-v debug=0x100 keepsyms=1 lilucpu=12 -igfxdvmt -igfxcdc igfxtglmap=0xA83F -igfxdbeo","booted","capture=mac-N-20261007-155929-collect-20261007-163123 panics=0 source=experiment"
"2026-10-07T16:31:56","P-20261007-163156","P","-v debug=0x100 keepsyms=1 lilucpu=12 -igfxdvmt -igfxcdc igfxtglmap=0xA83F -igfxdbeo","applied",""
"2026-10-07T16:39:52","P-20261007-163156","P","-v debug=0x100 keepsyms=1 lilucpu=12 -igfxdvmt -igfxcdc igfxtglmap=0xA83F -igfxdbeo","booted","capture=mac-P-20261007-163156-collect-20261007-163935 panics=0 source=experiment"
"2026-10-07T16:45:48","P-20261007-163156","P","-v debug=0x100 keepsyms=1 lilucpu=12 -igfxdvmt -igfxcdc igfxtglmap=0xA83F -igfxdbeo","booted","capture=mac-P-20261007-163156-collect-20261007-164528 panics=0 source=experiment"
"2026-10-07T16:46:00","P2-20261007-163952","P2","-v debug=0x100 keepsyms=1 lilucpu=12 -igfxdvmt -igfxcdc igfxtglmap=0xA83F -igfxdbeo","booted","SSDT-DOSI rev 2 installed 16:39 under config P (identical to P2); brightness keys work (owner); promoted to KNOWNGOOD"
